{"train/explained_variance":0.34619218,"train/value_loss":0.053174555,"train/approx_kl":0.009526135,"train/entropy_loss":-1.6641303,"train/loss":0.0121868495,"_timestamp":1.764430835210326e+09,"global_step":4480,"train/learning_rate":0.0001,"_runtime":23.410888887,"_step":395,"train/clip_fraction":0.001953125,"time/fps":212,"rollout/ep_len_mean":963.25,"train/clip_range":0.2,"train/policy_gradient_loss":-0.010232753,"_wandb":{"runtime":23},"rollout/ep_rew_mean":-20.25}