{"train/loss":0.024230456,"train/entropy_loss":-1.7773075,"global_step":896,"time/fps":178,"train/clip_fraction":0,"train/learning_rate":0.0001,"train/policy_gradient_loss":-0.0024506552,"_step":60,"train/value_loss":0.12029799,"_wandb":{"runtime":7},"_timestamp":1.7644319488821135e+09,"_runtime":7.433368153,"train/approx_kl":0.00022961991,"train/clip_range":0.2,"train/explained_variance":0.011852145}