{"_wandb":{"runtime":12642},"train/explained_variance":0.6942673,"time/fps":791,"_runtime":12642.459184083,"rollout/ep_len_mean":11522.48,"_step":3118,"train/entropy_loss":-1.7721453,"train/learning_rate":0.00025,"train/policy_loss":0.037741147,"global_step":9984000,"video":{"path":"media/videos/video_0_3a5606cc201c7f9f9924.mp4","_type":"video-file","sha256":"3a5606cc201c7f9f9924ff697ef2e108c679d623c9a760178e00ffd7f9cd2cfd","size":23862},"_timestamp":1.7652136156343772e+09,"train/value_loss":0.108306564,"rollout/ep_rew_mean":0}