{"train/explained_variance":0.85984933,"train/learning_rate":0.00025,"_step":3083,"train/value_loss":0.021102965,"train/entropy_loss":-1.6919043,"train/loss":-0.0213845,"time/fps":741,"rollout/ep_rew_mean":0,"global_step":269312,"_wandb":{"runtime":366},"train/clip_fraction":0.20776367,"rollout/ep_len_mean":5419.381,"_timestamp":1.76519916456506e+09,"train/clip_range":0.1,"train/approx_kl":0.0037879278,"_runtime":366.582796872,"train/policy_gradient_loss":-0.0077406024}