{"global_step":362240,"_timestamp":1.7644283720139248e+09,"train/policy_gradient_loss":-0.0019114183,"_step":33941,"train/approx_kl":0.0010891175,"train/value_loss":0.011121167,"_runtime":1272.100111566,"rollout/ep_len_mean":916.14,"_wandb":{"runtime":1272},"time/fps":285,"rollout/ep_rew_mean":-20.18,"train/loss":-0.014089287,"train/entropy_loss":-1.5140716,"train/clip_range":0.2,"train/clip_fraction":0,"train/explained_variance":0.902304,"train/learning_rate":0.00025}