{"_runtime":1266.485165968,"train/entropy_loss":-1.5706055,"train/value_loss":0.018705461,"rollout/ep_rew_mean":0,"train/approx_kl":0.0035686556,"_wandb":{"runtime":1266},"train/learning_rate":0.00025,"train/explained_variance":0.83860844,"rollout/ep_len_mean":5131.52,"_timestamp":1.7652004394159384e+09,"train/clip_fraction":0.092041016,"train/clip_range":0.1,"train/loss":-0.016905341,"_step":7783,"global_step":668672,"train/policy_gradient_loss":-0.007098036,"time/fps":529}