{"train/approx_kl":0.0023292312,"train/policy_gradient_loss":-0.0044947336,"rollout/ep_len_mean":930.9583,"global_step":22784,"train/clip_range":0.1,"time/fps":252,"train/entropy_loss":-1.756805,"rollout/ep_rew_mean":-20.375,"train/clip_fraction":0,"train/learning_rate":0.00025,"_runtime":92.450530994,"train/value_loss":0.09148646,"_timestamp":1.7644355791793973e+09,"train/loss":0.016393188,"train/explained_variance":0.28981173,"_step":2113,"_wandb":{"runtime":92}}