{"train/learning_rate":0.0001,"rollout/ep_len_mean":784.33,"time/fps":241,"rollout/ep_rew_mean":-20.88,"train/explained_variance":0.9600929,"_timestamp":1.764430623534774e+09,"train/value_loss":0.0059382017,"train/entropy_loss":-1.3331214,"global_step":282240,"train/clip_range":0.2,"train/policy_gradient_loss":-0.0011356429,"train/loss":-0.014358197,"_step":26435,"_runtime":1171.248289026,"_wandb":{"runtime":1171},"train/clip_fraction":0,"train/approx_kl":0.0002932353}