{"time/fps":661,"rollout/ep_len_mean":2668.78,"global_step":4428800,"train/entropy_loss":-1.6551567,"train/explained_variance":0.9891697,"train/learning_rate":0.00025,"_runtime":6711.569591331,"_wandb":{"runtime":6711},"_timestamp":1.7645175649827232e+09,"video":{"path":"media/videos/video_0_84332d4d02f7357eda4d.mp4","_type":"video-file","sha256":"84332d4d02f7357eda4df5033015c54bff00fe4eb85358faafb114190718d7bc","size":387397},"rollout/ep_rew_mean":18.93,"train/value_loss":0.0010040969,"_step":1384,"train/policy_loss":0.020486997}