{"train/value_loss":0.024706718,"rollout/ep_len_mean":4293.1763,"train/explained_variance":0.86246324,"global_step":172032,"_runtime":296.285057728,"train/clip_fraction":0.095703125,"train/loss":-0.022390455,"train/policy_gradient_loss":-0.0027768086,"_timestamp":1.765200823014461e+09,"_step":1963,"time/fps":589,"train/clip_range":0.1,"_wandb":{"runtime":296},"train/entropy_loss":-1.7319496,"rollout/ep_rew_mean":0,"train/approx_kl":0.0046854964,"train/learning_rate":0.00025}