{"train/policy_gradient_loss":-0.0025694717,"time/fps":219,"train/learning_rate":0.0001,"_wandb":{"runtime":20},"_runtime":20.535166679,"_step":353,"train/clip_fraction":0,"_timestamp":1.7644290211401694e+09,"train/entropy_loss":-1.6781526,"train/value_loss":0.071461536,"rollout/ep_rew_mean":-20.25,"train/explained_variance":0.25342208,"rollout/ep_len_mean":879,"train/clip_range":0.2,"train/loss":0.009769799,"global_step":3968,"train/approx_kl":0.0019023777}