{"train/explained_variance":0.9521637,"train/clip_fraction":0.021484375,"video":{"_type":"video-file","sha256":"880da3646459f762525c1b6c1fc703c514669016412a43e10b2a20ddc99c9591","size":140008,"path":"media/videos/video_0_880da3646459f762525c.mp4"},"train/value_loss":0.00292884,"_wandb":{"runtime":5604},"global_step":1466368,"_step":137450,"train/approx_kl":0.001288468,"time/fps":261,"train/entropy_loss":-1.118186,"train/learning_rate":0.00025,"rollout/ep_rew_mean":18.61,"train/policy_gradient_loss":-0.004374168,"train/clip_range":0.1,"rollout/ep_len_mean":2130.42,"_timestamp":1.764446405771537e+09,"train/loss":-0.019220224,"_runtime":5604.512556832}