{"train/entropy_loss":-1.7907343,"_runtime":293.48601148,"global_step":307200,"rollout/ep_rew_mean":0,"train/learning_rate":0.00025,"rollout/ep_len_mean":5070.2,"_timestamp":1.7651978333857424e+09,"_step":23,"time/fps":1066,"train/value_loss":0.0254593,"train/explained_variance":0.0016915202,"_wandb":{"runtime":316},"train/policy_loss":-0.0025891426}