{"train/approx_kl":0.011089518,"train/clip_range":0.2,"time/fps":237,"train/entropy_loss":-1.4954207,"train/learning_rate":0.0001,"global_step":396032,"_wandb":{"runtime":1667},"train/value_loss":0.20064642,"train/clip_fraction":0.05078125,"train/loss":0.034112703,"rollout/ep_rew_mean":-20.83,"rollout/ep_len_mean":852.84,"_step":37109,"_timestamp":1.7644337236424778e+09,"train/policy_gradient_loss":-0.0144733675,"train/explained_variance":0.27235353,"_runtime":1667.7262356}